"Gene","baseMean","log2FC","lfcSE","stat","PValue","FDR","log2FCabs"
"abgR",249.071895167526,-1.8405559659765,0.326205862509792,-5.6423141871684,1.67779566816408e-08,6.96366648679752e-07,1.8405559659765
"adeD",322.688416685096,-1.04224399719746,0.28378834149891,-3.67261033942601,0.00024008543135337,0.00418924579198227,1.04224399719746
"adhE",172107.721633152,1.88466886467757,0.591819725029364,3.18453202042913,0.00144988269336697,0.019130396648592,1.88466886467757
"aes",260.940043307403,-1.64256257956849,0.282051157085369,-5.82363354414935,5.75817624611639e-09,2.53775293321109e-07,1.64256257956849
"agaV",19.8193928304275,-2.4436870567741,0.778639801343784,-3.1384050141757,0.00169869980827125,0.0219394008470079,2.4436870567741
"agp",6187.14464121665,-2.50563956537651,0.248390786095851,-10.0874899780285,6.27536098109199e-24,1.91622629958345e-21,2.50563956537651
"aldA",16130.0617725993,-6.18597090899103,0.515764746282936,-11.9937838977415,3.8300096990335e-33,1.63732914633682e-30,6.18597090899103
"aldB",1403.2353251011,-2.68389202464838,0.521262893040337,-5.14882616906455,2.62121660203541e-07,9.33808414475114e-06,2.68389202464838
"alsB",143.058016606132,-1.76357403396194,0.350983858669006,-5.02465851463863,5.0432910031126e-07,1.67132318126406e-05,1.76357403396194
"ansB",1267.04195707148,-2.27879488701562,0.601121046568344,-3.7909085034116,0.00015009724458735,0.00289038612887802,2.27879488701562
"aphA",784.592701259556,-2.13667125551715,0.267701195392666,-7.98155291157019,1.44503610086631e-15,1.87197858521318e-13,2.13667125551715
"araA",153.82939131458,-1.30316775556009,0.422974109759172,-3.08096341003488,0.00206332002629069,0.0254468820499514,1.30316775556009
"araD",38.9923230821526,-1.94874355003863,0.497383695290927,-3.91798840309549,8.92910008971557e-05,0.00181770966112067,1.94874355003863
"araF",167.333007866891,-2.63623992299297,0.384474261827375,-6.85673966955066,7.04498423577701e-12,5.5772791866568e-10,2.63623992299297
"argC",1739.20536024184,1.85529220804858,0.626543525610738,2.96115454427543,0.00306488105717498,0.0354013405454196,1.85529220804858
"argF",1930.39818568541,2.64928779980695,0.64876967661908,4.0835567617974,4.43515894875539e-05,0.000943298731638273,2.64928779980695
"argI",1671.27035412683,2.2490757207338,0.714158741432176,3.14926582880368,0.00163681230133014,0.0212041593581405,2.2490757207338
"arrS",2819.10096368339,1.92025448027892,0.533132000480547,3.60183684068499,0.000315976664866236,0.00519538554731984,1.92025448027892
"aslB",91.3120322421823,-1.14658109034916,0.331300031169433,-3.46085415779142,0.000538464440717199,0.00813404764687642,1.14658109034916
"asnT",113.75528738318,-1.72880042707942,0.356167227213044,-4.85390090662477,1.21056243765002e-06,3.80526060364251e-05,1.72880042707942
"aspA",15688.8132792286,-2.20795268765591,0.495816209165283,-4.45316761905191,8.46126482064265e-06,0.00021659824615717,2.20795268765591
"atoC",599.989801530196,-1.89161381187481,0.367530769651691,-5.14681754038579,2.64942799496464e-07,9.360582378904e-06,1.89161381187481
"bglG",16.3242321364511,-1.84280207327143,0.568359397298018,-3.24231829724664,0.00118561524545972,0.0160904926169534,1.84280207327143
"bioD",284.751226763572,1.99103947428239,0.689931456689602,2.88585113053942,0.00390356752480735,0.0426796705078041,1.99103947428239
"bsmA",1139.96166321888,-2.64283684999663,0.395451190530039,-6.68309241010081,2.33951940576487e-11,1.58753102534045e-09,2.64283684999663
"carA",1085.89767835417,3.20171200111152,0.833591211611032,3.8408658302956,0.000122601114144587,0.00243776633938655,3.20171200111152
"carB",2265.78873113882,3.20985342078661,0.755164007138774,4.25053814859153,2.13257508063936e-05,0.000503688313244931,3.20985342078661
"cdaR",329.027858546804,-1.41808404558863,0.308140385134336,-4.6020713739629,4.18309795389779e-06,0.000116880678123615,1.41808404558863
"chiP",109.949723053825,-2.08189134033823,0.3828417985158,-5.43799383559814,5.38838383997227e-08,2.17314536942278e-06,2.08189134033823
"cmtB",13.3545818750704,-2.23777283091157,0.66452022713038,-3.36750145375563,0.000758526265197697,0.0111817233921385,2.23777283091157
"cpdA",2294.93825752632,-1.06319688281564,0.325048547381875,-3.27088643028628,0.00107210956074149,0.0149292129386641,1.06319688281564
"cpdB",2181.2153017852,-1.99342447305581,0.340831457968681,-5.84871034186927,4.9539890153377e-09,2.25301096176263e-07,1.99342447305581
"crfC",709.546958550019,-1.18822663303255,0.331044951627304,-3.58932110938901,0.000331540252368123,0.00538910486263774,1.18822663303255
"cspD",29617.2443180335,-2.1301186008522,0.321320024254359,-6.62927436842834,3.37341046338214e-11,2.21866611245518e-09,2.1301186008522
"cstA",4283.60229686225,-2.11676131632057,0.303535217394295,-6.97369265580433,3.08728159885236e-12,2.58786839903801e-10,2.11676131632057
"cyaR",62.4105458981,-1.50829850384767,0.366996960501975,-4.10983922532936,3.95934685041097e-05,0.000863582029872801,1.50829850384767
"cytR",1107.83355687091,-1.15320882506179,0.322491936977387,-3.57593072208392,0.000348984068373946,0.00560867252743842,1.15320882506179
"dctA",968.00652171843,-2.36973470271804,0.3332160910077,-7.11170548682558,1.14617646682664e-12,1.11361463538271e-10,2.36973470271804
"ddpX",42.522132882402,-1.35049643710986,0.472131300144477,-2.86042555682412,0.00423072867548455,0.0454431283610464,1.35049643710986
"dgoD",131.740856109531,-1.78651472568726,0.473750160968923,-3.77100605524534,0.000162590727274191,0.00308022369379517,1.78651472568726
"dmlR",605.441651278997,-1.42380265546461,0.397605619122592,-3.58094198619868,0.000342357672085961,0.00554386003093744,1.42380265546461
"edd",840.522085841874,1.19614015921688,0.397059994521145,3.0124922573966,0.002591120458784,0.0312029294684553,1.19614015921688
"eno",116201.596972869,1.22101550338266,0.392694797279064,3.10932437058738,0.00187515729734107,0.023787232777843,1.22101550338266
"eptB",1542.9462811538,-1.18395377711494,0.25017273890232,-4.7325451298561,2.21721986387795e-06,6.5369758055712e-05,1.18395377711494
"eutM",34.4452950709428,-1.11763733889525,0.383171996543366,-2.91680328671606,0.00353638727476231,0.039784356841076,1.11763733889525
"fadH",140.496083076458,-2.24972467917657,0.38493956217073,-5.84435818051552,5.08525055555006e-09,2.28836274999753e-07,2.24972467917657
"fadI",256.322437296271,-2.05722677703951,0.284594564024699,-7.22862288002439,4.87916238679062e-13,4.96629028655474e-11,2.05722677703951
"fadJ",547.081564545684,-2.04404576843781,0.270568967290117,-7.55462013589343,4.2008406446236e-14,4.98849826549053e-12,2.04404576843781
"fbaA",41975.0525108085,1.73199321697553,0.374042895076121,4.63046682553094,3.6484223631801e-06,0.000104720153539177,1.73199321697553
"fdoG",2845.62280538864,-2.15271796162826,0.439467884559789,-4.89846479631753,9.65883390520747e-07,3.12814507157287e-05,2.15271796162826
"fdoH",235.333366611233,-2.08266284347954,0.280616110774549,-7.42175079588634,1.15582136579426e-13,1.26695803558216e-11,2.08266284347954
"fdoI",196.836660965729,-1.41773352335335,0.371470630269545,-3.81654270305196,0.000135334661702255,0.00265392513200523,1.41773352335335
"feaR",237.430972842282,-1.59135030571037,0.465114620238273,-3.42141535971314,0.000622961119836397,0.00924707912257152,1.59135030571037
"fecA",2054.73474041619,1.20884323200878,0.347654992580237,3.47713468182047,0.000506803170116764,0.00768412703234393,1.20884323200878
"fecB",470.090902359174,1.55892318703263,0.240491028614231,6.48225090148077,9.03642009059041e-11,5.29187614894165e-09,1.55892318703263
"fecC",84.0950774608274,1.33077090757372,0.382403638875514,3.48001632904683,0.000501383222894613,0.00765504742098025,1.33077090757372
"flgB",31.2096926425692,-2.85558549104249,0.966106693630671,-2.95576617972811,0.00311893439862504,0.0358425928874249,2.85558549104249
"flhC",455.159256500378,-1.92483535234373,0.288501759376758,-6.67183228449594,2.52629185207752e-11,1.68748401056741e-09,1.92483535234373
"flhD",326.389534398651,-2.08865926363752,0.426553831918163,-4.89659008394102,9.75139560059858e-07,3.13437715733526e-05,2.08865926363752
"fliA",64.8145071480102,-1.74990708822735,0.588464121393527,-2.97368526747805,0.0029424671445179,0.0346530221565125,1.74990708822735
"frwA",66.182793551717,-1.1010341821229,0.347131855705253,-3.17180392414857,0.00151495254817909,0.0198663255934529,1.1010341821229
"fsaB",83.3745039248326,-1.65911138706522,0.313399350666717,-5.29392094634424,1.19721203717055e-07,4.58758458741432e-06,1.65911138706522
"ftnB",2753.01393191838,-1.09932730924854,0.294213115813387,-3.73650000683798,0.000186599443976651,0.00346831575217471,1.09932730924854
"fucA",92694.70970533,-11.9700935941091,0.32667236990541,-36.6425039178401,6.02385262802474e-294,6.43799249620145e-291,11.9700935941091
"fucI",205211.882660917,-11.8229135878246,0.229370411641887,-51.5450685343127,0,0,11.8229135878246
"fucK",55768.6507637819,-9.81217136592091,0.260890417863306,-37.6103171832935,0,0,9.81217136592091
"fucO",124594.321638992,-10.1473256576517,0.282628970872985,-35.9033457409147,2.7087368586587e-282,2.31597001415318e-279,10.1473256576517
"fucP",136764.002872982,-12.8127261036788,0.345226605044308,-37.1139591111014,1.67300826920702e-301,2.38403678362e-298,12.8127261036788
"fucR",2165.41092772378,-3.19760293514705,0.251203387534915,-12.7291393899002,4.07303843618056e-37,1.93469325718577e-34,3.19760293514705
"fucU",16745.4924398848,-7.602621021344,0.294899430076002,-25.7803856025922,1.47164140227783e-146,1.04854449912295e-143,7.602621021344
"galP",960.8413193525,1.78685301804965,0.354216518135675,5.04452199873196,4.54656524857153e-07,1.55492531501146e-05,1.78685301804965
"galS",531.354589679266,-2.62736014817704,0.643069553009655,-4.08565471010194,4.39527017802832e-05,0.000939489000553553,2.62736014817704
"gapA",184289.039415225,1.74854879641259,0.602614448436742,2.90160450176485,0.00371256928316742,0.0411171857138361,1.74854879641259
"gapC",32901.4064898261,1.14565587335238,0.386693265250791,2.96269931830687,0.00304954300566376,0.0354013405454196,1.14565587335238
"garD",528.245433150938,-2.23482904202664,0.257333773930677,-8.68455394676908,3.8023146938573e-18,7.06734578966954e-16,2.23482904202664
"garL",51.4146238725893,-1.57796746360083,0.431881163255563,-3.65370754238493,0.000258480672496559,0.00443777058201923,1.57796746360083
"garP",42.3970637623082,-2.20083604267568,0.479194627675933,-4.59278112809738,4.37377717955199e-06,0.000120631596403773,2.20083604267568
"gatA",30609.4058264944,-2.22756471311875,0.698655329407778,-3.1883600100882,0.00143082272605556,0.0189373596095588,2.22756471311875
"gatY",106552.139002039,-2.26048275034662,0.620701035757878,-3.64182210133831,0.000270715131400623,0.00461572656021447,2.26048275034662
"gatZ",142884.541550493,-2.18094490678461,0.635225513555515,-3.4333395939614,0.000596194857371373,0.00891165389951964,2.18094490678461
"glcC",181.490379728825,-1.50131755605422,0.431095049595524,-3.48256737687625,0.000496630229314207,0.00761559651802109,1.50131755605422
"glcG",90.0742817596415,-1.09518082490409,0.353161687540404,-3.10107484345622,0.00192819547639819,0.0242442225341244,1.09518082490409
"glnA",17347.8745044203,1.64485272261413,0.453670214941654,3.62565729122348,0.000288227394211113,0.00482980013496545,1.64485272261413
"glnG",830.036605735082,1.52658969124327,0.45884772985534,3.32700717888385,0.000877841119457599,0.0126355918709806,1.52658969124327
"glpF",312.587342716697,-1.89348560626396,0.407025728947564,-4.65200470535339,3.28723576721481e-06,9.5598183026145e-05,1.89348560626396
"glpK",1093.71071395703,-2.15347516566918,0.303933851116986,-7.08534162205018,1.38701714434952e-12,1.2713712047227e-10,2.15347516566918
"gltB",14495.985352653,1.24893669558423,0.340058789667528,3.67270817144677,0.00023999350361076,0.00418924579198227,1.24893669558423
"gltD",5215.12800576765,1.09890640935165,0.212340923508172,5.17519840827745,2.27668912571178e-07,8.17886219530913e-06,1.09890640935165
"gmd",182.876381244942,3.29544529330144,0.994669989610111,3.31310417296613,0.000922666067967482,0.0131479914685366,3.29544529330144
"gntP",140.139844933375,-1.45127070459741,0.362704958232949,-4.0012430810646,6.30105859481425e-05,0.00132044242611916,1.45127070459741
"gpr",3233.82346270182,-2.93706635719171,0.41458968414844,-7.08427264229788,1.39776483326238e-12,1.2713712047227e-10,2.93706635719171
"grxB",6781.97170256457,1.31241315333194,0.315683050932332,4.15737604364847,3.21923846911874e-05,0.000732034279546948,1.31241315333194
"guaB",4652.85606527744,2.37294007401214,0.726584833103347,3.2658816505665,0.00109123846136851,0.0151462481245142,2.37294007401214
"hcaR",239.839669920098,-1.54346822626949,0.528085783494474,-2.92276041982418,0.00346943357306081,0.0392376416000925,1.54346822626949
"hokB",967.022522910162,-1.83065459551512,0.395357035880245,-4.63038324697889,3.64989540990347e-06,0.000104720153539177,1.83065459551512
"hsdR",3491.45647509266,-1.24565563473547,0.356103508788912,-3.49801561622316,0.000468733685954837,0.00723406681392392,1.24565563473547
"hycA",238.010984746752,4.00015688495381,0.606116006751326,6.59965557813585,4.12114074180679e-11,2.62953383152598e-09,4.00015688495381
"hycB",59.1123722850108,3.56496036492558,0.580417825072925,6.14205872205539,8.14587302010813e-10,4.04925664662352e-08,3.56496036492558
"hycC",50.6896341169143,1.3233885371303,0.366645205029543,3.60945273244106,0.000306843677450055,0.00508432837635266,1.3233885371303
"hycD",19.0954629394673,2.04134783644037,0.56851224942795,3.59068399756456,0.000329811306693855,0.00538146311494745,2.04134783644037
"hydN",181.761634765826,1.7881329232,0.510848702642793,3.50031802752827,0.000464703392650429,0.00719785146224849,1.7881329232
"idnD",168.990680133081,-2.91532156675545,0.397314515230775,-7.33756622272438,2.17512783963572e-13,2.32466787861067e-11,2.91532156675545
"idnO",135.721597453432,-2.67945500566281,0.328005443874283,-8.16893455795747,3.11124862885248e-16,4.58640961667047e-14,2.67945500566281
"iraP",2050.99761625969,-1.11220559799571,0.35517136800237,-3.13146187501322,0.00173938368269647,0.0223299256562385,1.11220559799571
"ivy",5620.37101735959,1.49365559459108,0.512871023162555,2.91234155788455,0.00358730139323608,0.0402512164201686,1.49365559459108
"lacA",94.7734742771069,-1.56633038062816,0.292284619120549,-5.3589216748424,8.37201384724256e-08,3.25366901790563e-06,1.56633038062816
"lacY",154.852065723396,-2.09459399166427,0.308185337365144,-6.79654006115988,1.07161517380947e-11,8.18063369292049e-10,2.09459399166427
"lacZ",283.231564430554,-2.67533813665682,0.262780480441476,-10.1808860846978,2.41353532195774e-24,7.93681807797642e-22,2.67533813665682
"lamB",2353.88277997983,-3.91381970623361,0.617818369246083,-6.33490342964326,2.37489975082377e-10,1.28515144743945e-08,3.91381970623361
"lgoR",818.475074413414,-4.34669039132157,0.484038882872509,-8.98004384591237,2.70658880024462e-19,5.78533356052287e-17,4.34669039132157
"lldP",630.057119434885,-3.18766485046054,0.859149478793878,-3.71025639791525,0.000207049444361924,0.003782634079689,3.18766485046054
"lrhA",6113.71657078167,-1.29545721805293,0.297873606737432,-4.34901645782551,1.36749450633604e-05,0.000332161307646965,1.29545721805293
"lsrA",190.349469298039,-2.4300734716466,0.383228361896419,-6.34105852609993,2.28191826454221e-10,1.25066674114333e-08,2.4300734716466
"lsrB",403.368713945256,-2.60084190968698,0.399782486673996,-6.5056424340265,7.73620426321529e-11,4.59337128128408e-09,2.60084190968698
"lsrC",134.828550853216,-2.67732292566161,0.394662089466654,-6.78383608944993,1.17026096852089e-11,8.77695726390665e-10,2.67732292566161
"lsrD",117.39847412542,-2.46361374601973,0.399828570044444,-6.16167510427251,7.19794171060841e-10,3.70737359190975e-08,2.46361374601973
"lsrF",398.218641817586,-1.94557048567127,0.226053299001447,-8.60668919350217,7.52009851781633e-18,1.23647773706403e-15,1.94557048567127
"lsrG",167.323609326359,-1.38698644676411,0.416687597521299,-3.3286002631581,0.000872835815602556,0.0126059902422329,1.38698644676411
"lsrK",687.674824980627,-1.59106343215099,0.303554199288342,-5.24144760929386,1.59321714719866e-07,5.92261156893415e-06,1.59106343215099
"lsrR",645.264898713857,-1.5356949652962,0.239441664258877,-6.41364972988098,1.42076437878262e-10,8.20779421526449e-09,1.5356949652962
"maeB",4512.20527286427,-1.00632531473249,0.315065775866367,-3.1940165889656,0.00140308054437283,0.018627855053397,1.00632531473249
"malE",3479.05821490938,-3.65113924028465,0.559424366387978,-6.52660030498649,6.7279267352183e-11,4.06976812344624e-09,3.65113924028465
"malF",572.985227787653,-2.69814061385264,0.485617106297859,-5.55610702106878,2.75857774536532e-08,1.13393460206122e-06,2.69814061385264
"malG",526.539361570267,-2.90374792351597,0.38597841132189,-7.5230837744818,5.34991191533478e-14,6.18131714542059e-12,2.90374792351597
"malI",502.49306238771,-1.17919440016655,0.226965550069287,-5.19547746257779,2.04195074294695e-07,7.52529260870536e-06,1.17919440016655
"malK",528.431774513567,-3.37950345558441,0.560634864366731,-6.02799374491588,1.66007473951167e-09,7.97395450720495e-08,3.37950345558441
"malM",1094.33295044433,-2.393397684234,0.422132464622648,-5.66977876570925,1.42982029616013e-08,5.99262918243583e-07,2.393397684234
"malT",6468.40823833601,-1.56929060639792,0.44487037434756,-3.52752328967604,0.000419466857868155,0.00656857442266068,1.56929060639792
"mcbR",411.423140903234,-1.3032570543192,0.369648188011891,-3.52566872119301,0.000422415008053545,0.00659059912200331,1.3032570543192
"melA",320.628718682932,-1.61016925152483,0.415371298710464,-3.87645765733853,0.000105988244287086,0.002127228846607,1.61016925152483
"melR",520.228138570422,-2.44782323871744,0.545743729053741,-4.48529796753083,7.28121099021774e-06,0.000192143067797413,2.44782323871744
"mepM",13042.0031772536,3.34160077755425,0.776027433406231,4.30603434067646,1.66207265768604e-05,0.000399177562449878,3.34160077755425
"metA",2819.9819915206,1.79446239152129,0.449443580054191,3.99263104682667,6.53441991877552e-05,0.00136266561720807,1.79446239152129
"metB",656.894998092797,1.2607051173192,0.362026233016468,3.48235846561389,0.000497017878018219,0.00761559651802109,1.2607051173192
"metE",46699.0998014194,3.02455795550076,0.790787732844268,3.82474060974893,0.000130909842103046,0.00257898421654618,3.02455795550076
"metF",4308.66726188325,2.29129341288332,0.620074800407136,3.69518872784199,0.000219723516746898,0.00391535703239353,2.29129341288332
"metI",1372.26563679828,1.16386985749674,0.400731289233259,2.90436481694163,0.0036799908279895,0.0409640142000555,1.16386985749674
"metK",12049.8012751913,1.72297640645782,0.411870732548403,4.18329410248964,2.87315308634629e-05,0.000660361798071526,1.72297640645782
"metL",1505.9554576919,1.0094628583156,0.342283385293388,2.94920204043893,0.00318595620026985,0.0363199006830763,1.0094628583156
"metN",1960.78238176702,1.27105073668323,0.234815472565401,5.41297693374621,6.19854777675023e-08,2.45359182829697e-06,1.27105073668323
"mglA",594.719455800054,-5.05025286858178,0.62201438277567,-8.11918985867431,4.6930585429292e-16,6.47187911968462e-14,5.05025286858178
"mglB",1871.50353199941,-5.41839612902994,0.642573536939823,-8.43233625031368,3.38831730330283e-17,5.36483573022948e-15,5.41839612902994
"mglC",321.138140617108,-3.93839649007334,0.54054475319677,-7.28597672400249,3.1934811378025e-13,3.32978825953797e-11,3.93839649007334
"mocA",346.621475021518,-2.42944130263534,0.357422957180332,-6.79710481330276,1.06742442546678e-11,8.18063369292049e-10,2.42944130263534
"mokB",204.788898289561,-2.10413001039003,0.437830848244834,-4.80580575540763,1.54129488644045e-06,4.74031340973593e-05,2.10413001039003
"mtfA",2858.70219449531,-2.31617548777647,0.326809280965711,-7.08723901883155,1.36813975784089e-12,1.2713712047227e-10,2.31617548777647
"mtlA",1529.14465790836,-1.35528520078272,0.442495833903498,-3.06282025036713,0.00219261721422366,0.026781253116589,1.35528520078272
"mtr",1451.28468804921,3.30567794357288,0.810349548775871,4.07932348276926,4.51669505511489e-05,0.000955884720822581,3.30567794357288
"murP",420.115089191834,-1.86470068245129,0.43706342157084,-4.26643043187968,1.98625393124684e-05,0.000474370701456996,1.86470068245129
"murQ",437.429913515905,-2.97455141970383,0.509769464134292,-5.83509140696632,5.3761086079012e-09,2.394048364456e-07,2.97455141970383
"murR",180.775943689044,-1.47253021312808,0.475869487030827,-3.0943993117018,0.00197211861475577,0.0246514826844471,1.47253021312808
"nagE",2887.44834369262,-2.17876041590936,0.357999266944768,-6.08593541127416,1.15813126629406e-09,5.62614904932626e-08,2.17876041590936
"nanA",191.148423977324,-1.47867325583176,0.321157679517526,-4.60419709736713,4.14060183377041e-06,0.000116880678123615,1.47867325583176
"nanE",57.6595373663216,-1.5315714550957,0.526116524451859,-2.91108791287517,0.00360172661782118,0.0403072808669779,1.5315714550957
"nanM",476.69269085601,-1.10200496876526,0.378752699511562,-2.90956333825844,0.00361934041380449,0.0403986430000371,1.10200496876526
"nanS",185.841718247217,-1.18651590105852,0.36505611441627,-3.25022881196162,0.00115312188902123,0.0157495082286446,1.18651590105852
"narI",462.768311077343,2.28876194221266,0.790027417464794,2.89706647087935,0.00376669937961104,0.0415050311952585,2.28876194221266
"narJ",361.033245476482,2.22977893319791,0.775990975573809,2.87345987696455,0.00406002645308729,0.0438298310276469,2.22977893319791
"nemR",158.597353633694,-1.56709788316402,0.526855850873858,-2.97443386187092,0.00293529724967168,0.0346530221565125,1.56709788316402
"nikA",528.753004790067,-3.90357604561902,0.328528242304709,-11.8820105639456,1.46793516840876e-32,5.70492985904315e-30,3.90357604561902
"nikB",140.770634882153,-3.59953574978277,0.475603158120603,-7.56835964674146,3.77966381778049e-14,4.61658937743188e-12,3.59953574978277
"nikC",72.9601619440085,-3.83668156650289,0.584013763031773,-6.56950539416339,5.04826661065874e-11,3.17372643537737e-09,3.83668156650289
"nikD",98.3671095704551,-2.88694967163124,0.442382934151259,-6.52590651393467,6.759147058823e-11,4.06976812344624e-09,2.88694967163124
"nikE",94.7593547957852,-2.5981959812271,0.375441477055322,-6.92037545133634,4.50448199343926e-12,3.70320394652939e-10,2.5981959812271
"nirB",6125.42104819168,2.93308548325186,0.901205197338262,3.25462557463586,0.00113541951365869,0.0157084738540159,2.93308548325186
"nirC",307.850991439678,2.95492065158513,0.656074810885632,4.50393857919388,6.6705493059755e-06,0.000179284160944032,2.95492065158513
"nirD",285.282435714202,2.59018765045743,0.724953567094115,3.57290144917814,0.00035304765454917,0.00565272930036592,2.59018765045743
"nmpC",19847.2646764489,-3.47564157793822,0.775882118602247,-4.47960005084226,7.47830308138067e-06,0.000196133409036211,3.47564157793822
"nupG",1000.29494335462,-1.27070937133496,0.26577757662364,-4.78110075152945,1.74337955965807e-06,5.24855466023822e-05,1.27070937133496
"ompF",116923.544931989,-2.67590327738751,0.470507505586972,-5.68727011920722,1.2908619225176e-08,5.46379675125023e-07,2.67590327738751
"ompW",10680.1137073978,-3.33898181563016,0.885746175945954,-3.76968245114264,0.000163455382351567,0.00308022369379517,3.33898181563016
"ompX",33531.7822675411,1.81653974070876,0.374474454837101,4.85090429332214,1.22899843067731e-06,3.83501335120109e-05,1.81653974070876
"pagP",888.147742933191,1.5213153521836,0.453955909029195,3.35124033397208,0.000804504485416908,0.0116981519563173,1.5213153521836
"patD",1082.96464854444,-1.73769666262764,0.425001471027922,-4.08868387778704,4.33827585946904e-05,0.000931966296443726,1.73769666262764
"pck",17205.5449792716,-3.56824417265681,0.366734085028777,-9.72978601750861,2.25065904691004e-22,6.01347964096276e-20,3.56824417265681
"pgk",33982.4179987084,1.37227344220271,0.421782648354219,3.25350852520196,0.00113989304907666,0.0157123910528263,1.37227344220271
"phoA",1033.08073423789,-1.1444921029081,0.304018869313713,-3.76454298870217,0.000166853962742642,0.00312851180142454,1.1444921029081
"pka",3971.00316441122,-2.29855132636184,0.266213429697682,-8.63424256609488,5.9117435252054e-18,1.05302931542721e-15,2.29855132636184
"pliG",3966.51742833448,3.92153996387622,0.686057294069902,5.71605316024329,1.09026642905965e-08,4.70796867093938e-07,3.92153996387622
"pmrD",176.598592695779,-1.28799472146908,0.428996364020254,-3.00234414436266,0.00267909118547768,0.0321716708368458,1.28799472146908
"ppsA",11393.802795335,-2.55422514689826,0.507864870077869,-5.02934008116495,4.92170786735669e-07,1.65671662464172e-05,2.55422514689826
"pqqL",1332.45949878202,-1.52696156181168,0.419316790159501,-3.64154643373773,0.000271005231956452,0.00461572656021447,1.52696156181168
"preA",316.353604034309,-1.88560371730526,0.300713455984963,-6.27043346340828,3.60044380585797e-10,1.87706064268815e-08,1.88560371730526
"preT",275.518105107871,-2.6052908819633,0.291211533676745,-8.94638632292383,3.67309873653119e-19,7.47737957079565e-17,2.6052908819633
"proP",17137.2313126179,2.03162411937139,0.516118395134167,3.9363528572611,8.27293058352573e-05,0.00170032587714291,2.03162411937139
"psiE",863.237772256712,2.52693592689436,0.763644147998929,3.30904902959841,0.000936134420355902,0.0132955968339584,2.52693592689436
"psuG",79.8804477366236,-2.00865696176678,0.447550779942545,-4.48810962193975,7.18579529322631e-06,0.000190802949556165,2.00865696176678
"psuK",40.4537141231835,-2.93177160670925,0.457495498594085,-6.40830700131211,1.47144390259329e-10,8.38723024478174e-09,2.93177160670925
"ptsG",12865.3416279074,1.62358188980426,0.550032100321967,2.95179479316548,0.00315932813430697,0.0362094578395772,1.62358188980426
"ptsH",11133.9501465426,1.43027550180894,0.415529252765042,3.4420573095432,0.000577307928512418,0.00869011054362882,1.43027550180894
"ptsI",58966.3893759813,1.60783883015893,0.43454842428452,3.70002223067826,0.000215580581424439,0.00388746471896894,1.60783883015893
"pykF",27172.1336067153,1.3593806690052,0.425026124708627,3.19834614857406,0.0013821826316794,0.0184075724312444,1.3593806690052
"pyrB",675.861455487726,3.78102236286353,0.865956789213829,4.36629449639882,1.26372071137223e-05,0.00031048310581128,3.78102236286353
"pyrI",512.231469052099,2.90671805154182,0.785805460745191,3.69903009936497,0.000216424936401078,0.00388746471896894,2.90671805154182
"raiA",58519.0891665274,-2.32981715071784,0.379608762384974,-6.13741668153354,8.387418321497e-10,4.12140383039077e-08,2.32981715071784
"rbbA",751.956752033949,-1.19372914723608,0.356140125791774,-3.35185243331446,0.000802727938013476,0.0116981519563173,1.19372914723608
"rbsA",843.589968777453,-2.18323658546078,0.494404909927067,-4.41588775035192,1.00596279198983e-05,0.000251490697997456,2.18323658546078
"rbsB",24400.1568451848,-2.09702114391544,0.706529774890521,-2.96805770746234,0.00299688060258498,0.0351004508932898,2.09702114391544
"rbsC",565.465506562779,-1.40195346263387,0.394941440873451,-3.5497755300971,0.000385559755480088,0.00615025356222902,1.40195346263387
"rbsD",3392.89286620986,-2.27469576347962,0.257296829528317,-8.8407454054123,9.50820988589603e-19,1.84761805737298e-16,2.27469576347962
"rbsR",290.629809849791,-1.13152020348838,0.308544511745352,-3.66728352122578,0.000245140935255211,0.00424282387941711,1.13152020348838
"rclR",53.587768003258,-1.29919381398553,0.411320564860514,-3.15859192312962,0.00158533304245843,0.0206624962088714,1.29919381398553
"recG",672.300136561711,1.05890566337846,0.299059979713752,3.54078022874208,0.000398945732643386,0.00631664076685361,1.05890566337846
"rhmD",125.565330650962,-3.63486357679951,0.421952202094644,-8.61439650926198,7.03109620152767e-18,1.20231745046123e-15,3.63486357679951
"rihA",1157.69786920606,-2.78718987014323,0.480232315073316,-5.80383656547084,6.48144561451163e-09,2.82736530633033e-07,2.78718987014323
"rihB",36.4948427621911,-2.35685854229182,0.725082946512865,-3.25046748599818,0.0011521544221705,0.0157495082286446,2.35685854229182
"rihC",448.417620826339,-3.01679431690099,0.618149812872894,-4.88036112618109,1.05891758643282e-06,3.37826319552263e-05,3.01679431690099
"rnk",966.646671258847,-1.1006828675533,0.360863679602861,-3.05013480094374,0.00228738675411337,0.0278591976462526,1.1006828675533
"rrfG",33.5369615469037,5.51084456464655,1.30920276462788,4.20931326570556,2.56148039534443e-05,0.000598378616945215,5.51084456464655
"ryeA",3368.82570923887,-2.83764929684218,0.524750229781902,-5.4076189695459,6.38681179588733e-08,2.50491930526774e-06,2.83764929684218
"sgcB",58.4322073780165,-2.89491770432586,0.632259173180437,-4.57868834035832,4.67900748017072e-06,0.000128222801139294,2.89491770432586
"sgcC",295.069359322074,-2.39656346012893,0.545661148927289,-4.3920360920698,1.12294051802919e-05,0.000277489636680624,2.39656346012893
"sgcR",177.925147902258,-1.3582168580701,0.364359371279888,-3.72768471220894,0.000193246920655302,0.00354562483176573,1.3582168580701
"sgcX",355.138138295069,-1.31736472172378,0.349353020634096,-3.77086970461193,0.00016267960019064,0.00308022369379517,1.31736472172378
"srlA",75.7509942622615,-2.6630554907217,0.453676424692591,-5.86994462523851,4.35940719243401e-09,2.00392104813499e-07,2.6630554907217
"srlE",100.54467962083,-2.02575311369645,0.416389907092322,-4.86503894352871,1.14434272995654e-06,3.62375197819572e-05,2.02575311369645
"sroH",577.046322369686,1.26451493206394,0.348854217283614,3.62476607538303,0.000289223119193253,0.00482980013496545,1.26451493206394
"tar",73.5206769796367,-1.22920045722198,0.410812122752242,-2.99212313645208,0.00277044491697929,0.0329397172888386,1.22920045722198
"tdcA",60.7611957718967,-3.12395637840082,0.710568900936198,-4.39641584972957,1.10052998218432e-05,0.000273532888013834,3.12395637840082
"tdcB",141.884315822931,-4.22826413512341,0.806474904880577,-5.24289610195562,1.58075560592478e-07,5.92261156893415e-06,4.22826413512341
"tdcC",445.580764405244,-2.20039882977951,0.596490864411294,-3.68890616950385,0.000225220254575278,0.00399508957804695,2.20039882977951
"tdcD",101.577661128645,-2.79760079733435,0.675915078637588,-4.13898267068306,3.48849296420171e-05,0.000780801435704834,2.79760079733435
"thiC",15344.2872177088,2.23850451841338,0.425237282400202,5.26413043037619,1.40854429273211e-07,5.32878482427412e-06,2.23850451841338
"thiD",1509.70759373717,1.102582642047,0.267636640747445,4.11969989971385,3.79366176002333e-05,0.000840305907984441,1.102582642047
"thiE",2132.38430144179,2.28787254736748,0.451927955634134,5.06247183615184,4.13855218258097e-07,1.42679924036562e-05,2.28787254736748
"thiF",2333.02274870694,2.26979762899406,0.476156447808513,4.76691566278414,1.87067568119582e-06,5.5535684285501e-05,2.26979762899406
"thiG",1968.00318907847,1.81194242304405,0.415676212660285,4.35902360505019,1.30644022150016e-05,0.000319144682680754,1.81194242304405
"thiH",5105.88763091501,1.43706943298084,0.377259591992011,3.80923232565885,0.000139398928563008,0.00272114346852448,1.43706943298084
"thiM",2404.80205156927,1.26049425369988,0.316764007501897,3.97928496877074,6.91228475040235e-05,0.0014344668596102,1.26049425369988
"thiS",171.288923462683,2.22072408032882,0.440617591367738,5.04002591779275,4.65468805204601e-07,1.57926916051561e-05,2.22072408032882
"tnaA",2804.04826925871,-7.06293325183295,0.490272845850479,-14.4061277543953,4.73524849327408e-47,2.53039841359334e-44,7.06293325183295
"tnaB",351.95105723928,-3.83542558109931,0.505535662084821,-7.58685463510542,3.27764442505611e-14,4.12115585797497e-12,3.83542558109931
"tnaC",104.380068551684,-8.06058247139925,1.22912918527278,-6.55796198477733,5.45481094615842e-11,3.37961112968511e-09,8.06058247139925
"treA",1064.57109932093,-1.49258443338271,0.484901905590123,-3.07811624614311,0.00208313637696404,0.0255902529066703,1.49258443338271
"trpA",3751.38389574755,2.3165672948594,0.376911439810774,6.14618462104101,7.93688978825248e-10,3.9917886876211e-08,2.3165672948594
"trpB",4466.19282486656,2.29244776545795,0.501285850141687,4.57313479885778,4.80480797959669e-06,0.000130831554858445,2.29244776545795
"trpC",1658.97933910904,1.8961184774446,0.450923015939698,4.20497160361885,2.6111493826328e-05,0.000606666500584523,1.8961184774446
"trpD",1307.15734171319,2.72242581178453,0.661708837999546,4.11423522770962,3.88465153157654e-05,0.000856025015334521,2.72242581178453
"trpE",3777.79367309372,3.96706535292149,0.886508028687669,4.47493448964482,7.64347444485719e-06,0.00019924300763271,3.96706535292149
"trpL",178.879235077148,1.78758133104527,0.570602466860579,3.13279635975013,0.00173149528188685,0.0222956094279104,1.78758133104527
"tsgA",670.728128518367,2.05094694146503,0.302667982271669,6.77622696022119,1.23354848860182e-11,9.09210308409098e-10,2.05094694146503
"ucpA",2238.83086427305,-2.46106091484966,0.237525295471651,-10.361258197628,3.72035578309383e-25,1.32537674772718e-22,2.46106091484966
"uidA",243.169116505184,-1.30820915444756,0.319839155537751,-4.09020950623775,4.30983704445771e-05,0.000930532998235187,1.30820915444756
"uspG",4677.91119498863,-1.30993730312354,0.451144661073781,-2.90358595845006,0.00368915683439096,0.0409640142000555,1.30993730312354
"wcaE",45.4555585016151,2.66352204458021,0.861040164181934,3.09337723764697,0.00197892407945184,0.0246644327686782,2.66352204458021
"wza",44.9840630739236,3.36534479307741,0.892776724142453,3.76952568550659,0.000163558076840118,0.00308022369379517,3.36534479307741
"xdhA",341.836869072673,-1.77041472999394,0.27809866442539,-6.36613891566859,1.93845881798578e-10,1.07622226582977e-08,1.77041472999394
"xdhB",88.3842791982997,-1.44751787722173,0.324269602270969,-4.46393330452277,8.04686217886372e-06,0.000207230938642424,1.44751787722173
"xdhC",80.7250346525026,-1.37084348943417,0.317417728392406,-4.31873637423135,1.56925092778068e-05,0.000379013995269063,1.37084348943417
"xseA",2885.73251572999,1.06256296024951,0.27739107282594,3.83055932342946,0.000127852303326977,0.0025304101700131,1.06256296024951
"xylF",268.477589291126,-3.99251910691027,0.440634110879024,-9.06084891826819,1.29439187291075e-19,2.91238171404918e-17,3.99251910691027
"xylG",416.494045757506,-1.68503561952,0.353147657459034,-4.77147613449898,1.82880652805972e-06,5.46723629891979e-05,1.68503561952
"xylH",123.361266505091,-1.29504631132062,0.410239462413428,-3.1568057926507,0.00159507542416906,0.0207262840070599,1.29504631132062
"yadI",320.42775653106,-1.30480118890671,0.331757552793926,-3.93299618326157,8.38935703122964e-05,0.00171600484729697,1.30480118890671
"yadL",36.0210007001061,-1.38668707128814,0.44930902724142,-3.08626577080335,0.00202687567145925,0.0251156333202559,1.38668707128814
"yadM",43.4515169498639,-1.35542714713522,0.428102234653591,-3.16612957704367,0.00154481961512406,0.0201960362527687,1.35542714713522
"yagE",61.5972110579715,-1.73283313244633,0.532733273403576,-3.25272180086564,0.00114305347776116,0.0157123910528263,1.73283313244633
"yahN",135.382003079731,-2.60922847965254,0.350833884453188,-7.43721913782445,1.0282689789085e-13,1.15680260127206e-11,2.60922847965254
"yaiZ",455.350125151215,-2.00424043707963,0.386065368859394,-5.19145356912233,2.08658625352138e-07,7.62406515709735e-06,2.00424043707963
"ybaE",391.021085261591,-1.29179102657469,0.291976996816014,-4.42429040870193,9.67597889809695e-06,0.000244762188102748,1.29179102657469
"ybaP",722.450169211882,1.10261777286798,0.216906110444253,5.08338732647814,3.70762553889443e-07,1.2886259494938e-05,1.10261777286798
"ybdD",184.906109545419,-1.16486464021262,0.330731647982771,-3.52208398354821,0.000428168477508556,0.00665607360490574,1.16486464021262
"ybdL",606.626325388951,1.62045920152583,0.559349782775093,2.89704090611472,0.00376700634006089,0.0415050311952585,1.62045920152583
"ybeL",2310.53298606129,-1.67888307933397,0.461922591492349,-3.63455503206704,0.00027846081638373,0.00471873325535596,1.67888307933397
"ybhQ",379.414549584186,-1.91561568951368,0.386810355557682,-4.95233817293192,7.33270296513457e-07,2.41133116738079e-05,1.91561568951368
"ybiA",330.97847043114,-1.39647088748853,0.327813808213149,-4.25995138856546,2.04471369079074e-05,0.0004856195015628,1.39647088748853
"ycaM",166.696705884033,-1.38966927817558,0.382427043485766,-3.6338153952423,0.000279260704936855,0.00471873325535596,1.38966927817558
"ychH",9476.9167713641,-2.76356078373684,0.600359653277346,-4.60317539436675,4.16097517821799e-06,0.000116880678123615,2.76356078373684
"ychN",2103.10966419192,-1.29194633167349,0.263223050861565,-4.908180827799,9.19250794116175e-07,2.9998451487379e-05,1.29194633167349
"yciG",2839.80988663489,2.50791461113252,0.761122443490253,3.29502123158011,0.000984142439171903,0.0138395030508549,2.50791461113252
"ydbC",1112.20264829688,-1.81875595546248,0.361789435790344,-5.02711183782724,4.97921992972733e-07,1.66298165621753e-05,1.81875595546248
"ydbD",168.583204374376,-1.41668395440116,0.436561417793734,-3.24509655837363,0.00117410804129748,0.015985069670531,1.41668395440116
"ydcH",9899.82831213538,-3.69311306594733,0.526092830982316,-7.01988859846575,2.22045215027696e-12,1.90418154120948e-10,3.69311306594733
"ydcJ",528.665274928718,-2.56928692277743,0.608096231188226,-4.2251321271257,2.38800626807094e-05,0.000560919054725454,2.56928692277743
"ydcS",1385.41780929995,-4.03015425564994,0.632606046562716,-6.3707172537283,1.88146219310126e-10,1.05832248361946e-08,4.03015425564994
"ydcT",468.351614022792,-3.99120815901377,0.700161466677653,-5.70041104654404,1.19518886363413e-08,5.10943239203589e-07,3.99120815901377
"ydcU",367.675109364155,-3.11456870380009,0.643435899126096,-4.84052678445552,1.29495400457556e-06,4.01154229678298e-05,3.11456870380009
"ydcV",327.975246861161,-3.03755389022629,0.682340868143032,-4.45166636214081,8.52064824533955e-06,0.000216820066957301,3.03755389022629
"ydcY",1155.97039029698,1.141400061089,0.309967716525867,3.68231915853,0.00023112181029183,0.00408283363222138,1.141400061089
"yddA",585.093097100462,-1.59308897863831,0.465390129760891,-3.42312583951191,0.000619054114746116,0.00922110223184545,1.59308897863831
"yddH",142.429831276496,-1.39991936973326,0.46792723827271,-2.99174584258201,0.00277387092958641,0.0329397172888386,1.39991936973326
"ydeM",153.64087291949,-3.59558940168486,0.371933632577768,-9.66728762001121,4.15237293087029e-22,9.86188571081693e-20,3.59558940168486
"ydeN",1465.73197733318,-4.10780718982976,0.423458318998274,-9.70061752369661,2.99679311213539e-22,7.53605326728164e-20,4.10780718982976
"ydiH",8940.68803478754,1.7053099164462,0.506798295152763,3.36486908649164,0.00076579984672159,0.0112501523874048,1.7053099164462
"ydiL",40.7162583544911,-2.131776289097,0.463418930395505,-4.60010618745685,4.22275626833333e-06,0.000117222617189123,2.131776289097
"ydiM",47.8256251028003,-2.06550054196953,0.390217180184878,-5.29320759529585,1.20189350594247e-07,4.58758458741432e-06,2.06550054196953
"yeaD",1784.54565866395,2.21289460636527,0.605418653868998,3.65514771013994,0.000257033945213082,0.00443072627333034,2.21289460636527
"yeaV",84.3515509050132,-1.37523578656798,0.346696701905261,-3.96668263358265,7.28799338423061e-05,0.00150512906848241,1.37523578656798
"yehT",550.659766288965,-2.02274211181661,0.29328890889628,-6.89675623748848,5.32033580347013e-12,4.29140293581789e-10,2.02274211181661
"yehU",926.00386703816,-2.38274787947509,0.376804876744024,-6.32355902626432,2.55606499646225e-10,1.36589723248451e-08,2.38274787947509
"yeiL",64.3790835843714,-1.18229283910429,0.326556558226292,-3.62048413765129,0.000294052279027164,0.00489133654801994,1.18229283910429
"yfeC",1033.38785885429,-1.0561724889535,0.314727519048857,-3.35583139391616,0.000791267928678175,0.0115844876544493,1.0561724889535
"yfeD",862.335683689323,-1.00914518294227,0.34087972478452,-2.96041421524902,0.00307225668826916,0.0354013405454196,1.00914518294227
"yfeW",496.630527635744,-2.59563229455752,0.43142437020275,-6.01642483325105,1.78311237127755e-09,8.46978376356835e-08,2.59563229455752
"yfhH",161.663206705519,-1.22232464982777,0.321266764687302,-3.80470308224223,0.000141974390263886,0.00275882053808233,1.22232464982777
"ygcB",920.936242799503,-2.53224555013972,0.562155351178213,-4.50452983295884,6.65200529973204e-06,0.000179284160944032,2.53224555013972
"ygcE",193.634266255108,-1.3765421014842,0.36868382557608,-3.73366555837731,0.000188713046686671,0.00349241677309748,1.3765421014842
"ygcN",251.82386531664,-2.12023312086616,0.50862916058227,-4.16852450700811,3.06577802287239e-05,0.000700866366191415,2.12023312086616
"ygcO",24.5460961246955,-1.60116044032818,0.534295104290715,-2.99677168566563,0.00272854982747801,0.0325825433309176,1.60116044032818
"ygcP",129.444397610602,-1.84760483285095,0.356093070047208,-5.18854476052009,2.11943821189925e-07,7.67847318294007e-06,1.84760483285095
"ygcW",35.2081376694664,-3.17631761095032,0.473371579828842,-6.7099879804757,1.94640446024891e-11,1.34207726896195e-09,3.17631761095032
"ygdG",2084.09412726719,-5.19351522405698,0.320473347118857,-16.2057633520794,4.5915018866263e-59,2.80409579504677e-56,5.19351522405698
"ygeV",3988.36718061604,-3.4505219963644,0.412841384605785,-8.35798474917734,6.3798691443955e-17,9.74069306867528e-15,3.4505219963644
"ygeW",110.567871240107,-2.1062858245406,0.690844470430189,-3.04885674662637,0.0022971399119274,0.0278985031917319,2.1062858245406
"ygeY",87.0212415637927,-1.79312297883095,0.483953833446459,-3.70515296068902,0.000211263203026111,0.00384319231036862,1.79312297883095
"ygfT",111.166244500506,-1.04067520987936,0.314716870079203,-3.30670297279411,0.000944009319282571,0.0133189433661155,1.04067520987936
"ygiS",745.861076901836,-1.12750193695282,0.350167931906198,-3.21988918521201,0.00128240158388468,0.0172398326135441,1.12750193695282
"ygjH",56.1809716234069,-1.59218973006108,0.542259919835181,-2.93621134777032,0.00332247872162004,0.0376753223738082,1.59218973006108
"ygjR",1523.3073828053,-1.53772856127272,0.366054660224588,-4.20081678602117,2.65953752638399e-05,0.000614568806772518,1.53772856127272
"yhdW",486.383620330281,-1.52515472930602,0.408916325590925,-3.72974771085995,0.00019167159108461,0.00353187953399443,1.52515472930602
"yiaG",3194.09889879061,1.79763363996651,0.609421299529553,2.9497387789928,0.00318042706184864,0.0363199006830763,1.79763363996651
"yiaK",47.5311166181345,-1.82386329073357,0.472427624975478,-3.86061947759351,0.000113099920918877,0.00225935589686075,1.82386329073357
"yidE",659.277385184312,-1.00473205971221,0.227402926064762,-4.41828993627845,9.94849067738154e-06,0.000250175280269448,1.00473205971221
"yidF",214.088056071214,-2.18964806156053,0.355562632550744,-6.15826259877867,7.35473309316028e-10,3.7430338063405e-08,2.18964806156053
"yihL",146.94288663534,-1.00513756519302,0.305925085066607,-3.28556765776228,0.00101777096201849,0.014265478238128,1.00513756519302
"yihM",201.522756580164,-1.95953269445853,0.279156784008021,-7.01947008532033,2.2271129136953e-12,1.90418154120948e-10,1.95953269445853
"yihN",126.085077656103,-1.3589949181605,0.328876912439252,-4.13222961770394,3.59261257234476e-05,0.000799917643061139,1.3589949181605
"yjbE",472.105737271105,3.73477914510243,0.777528888144703,4.80339599215941,1.55996937372445e-06,4.76347790905145e-05,3.73477914510243
"yjbQ",3288.24413540297,1.06314994125522,0.34510604672169,3.0806470977676,0.00206551299914225,0.0254468820499514,1.06314994125522
"yjcZ",71.144078056702,-1.00733119368571,0.323030983911847,-3.11837329499204,0.00181852314402116,0.0232065266886282,1.00733119368571
"yjfN",576.18127438336,-2.55184020034208,0.314249351120464,-8.1204310883807,4.64530678758662e-16,6.47187911968462e-14,2.55184020034208
"yjhB",311.543442490619,-1.18779145292776,0.370913433398258,-3.20234142518208,0.00136315327811351,0.0182108758247977,1.18779145292776
"yjhC",496.978175793539,-1.08861827010458,0.286660043860047,-3.79759332847958,0.000146107772531526,0.00282629288494241,1.08861827010458
"yjhG",644.153585453946,-1.03903557836043,0.281193631235749,-3.69508930125561,0.000219809517608058,0.00391535703239353,1.03903557836043
"yjhH",180.67375808686,-1.39636065306652,0.257325445621218,-5.42643829760218,5.74896862184583e-08,2.29690101480289e-06,1.39636065306652
"yjhI",101.200663064619,-3.22818932740463,0.458714504224964,-7.03746948847612,1.95762384117034e-12,1.74350873354233e-10,3.22818932740463
"yjhP",91.8331154615734,-1.6225915938364,0.390451844185447,-4.15567660391365,3.24326308964712e-05,0.000733595222658278,1.6225915938364
"yjhQ",63.9509709035779,-1.98868656927209,0.444828964725799,-4.4706768825136,7.79724252650302e-06,0.000202019465459396,1.98868656927209
"yjiL",188.159836914437,-1.53429640237852,0.393304441268001,-3.90104011394327,9.57802764860035e-05,0.00194057195250078,1.53429640237852
"yjiM",749.194412320697,-1.59012088741848,0.39280175026349,-4.04815122730954,5.162378871307e-05,0.00108715121550923,1.59012088741848
"yjiT",2436.46444357853,-1.67224286318797,0.34854862792534,-4.79773187787779,1.60472388097841e-06,4.86538623488134e-05,1.67224286318797
"yjjU",1397.82307981728,1.23041795091417,0.411593189045699,2.98940308941204,0.00279523103033349,0.0331014200960545,1.23041795091417
"yjjV",934.30182332026,1.33244699985836,0.354287585874846,3.76091924465299,0.000169290081638868,0.00316032794325834,1.33244699985836
"ykgE",331.970860529624,-4.21517987343668,0.522549345944736,-8.06656807849582,7.23017732445889e-16,9.6590650193943e-14,4.21517987343668
"ykgF",559.772789220799,-2.83832473732017,0.472586544130811,-6.00593642068345,1.90230731533739e-09,8.93666348688717e-08,2.83832473732017
"ykgG",446.899604209903,-2.72626242797325,0.495213978026448,-5.50522107400541,3.68705290665647e-08,1.50115725485299e-06,2.72626242797325
"ykgL",272.95624422785,2.03412914774339,0.696694895275538,2.9196843001683,0.00350386142234411,0.0395224474420081,2.03412914774339
"ykgM",21745.9227764774,10.3609741339217,1.64701740118572,6.29074964627732,3.15936512478885e-10,1.66744270474967e-08,10.3609741339217
"ykgO",618.480290422829,8.596649678293,1.27566610628544,6.73894966397218,1.59535653548352e-11,1.11805724412984e-09,8.596649678293
"ymfD",107.497976621145,-1.20912525441925,0.364269727097176,-3.31931303777186,0.000902392087665208,0.0129453898482173,1.20912525441925
"ymfE",171.71943023023,-1.81532162083291,0.27498691256899,-6.60148369925596,4.07063032697447e-11,2.62953383152598e-09,1.81532162083291
"yncI",58.2912145116279,-1.44588706219355,0.448819970297484,-3.22153014099438,0.00127508049935228,0.0171954862294353,1.44588706219355
"ynfM",1495.97900791091,1.42928732819539,0.278940204208119,5.12399183277644,2.99133945297116e-07,1.04819476733211e-05,1.42928732819539
"yodB",1418.60969737866,1.99027028897594,0.56156745736275,3.54413394665478,0.000393905068818406,0.00626001549887987,1.99027028897594
"ypfM",4557.45520151816,-2.73252674754409,0.65832040245961,-4.15075506901328,3.31380239468769e-05,0.000745605538804731,2.73252674754409
"yqcE",94.1927560439315,-2.36188238146485,0.332093604034354,-7.11209837459116,1.14291745426443e-12,1.11361463538271e-10,2.36188238146485
"yqeB",715.840843221694,-2.88759989205526,0.49192724428556,-5.86997350847889,4.35864779423880e-09,2.00392104813499e-07,2.88759989205526
"yqeC",299.331561407557,-4.27691835015357,0.430603487240187,-9.93238205655297,3.00978021699876e-23,8.57787361844646e-21,4.27691835015357
"yqeF",527.023790281955,-2.82597642741635,0.599432051722096,-4.71442329334519,2.42396295018749e-06,7.0975627479805e-05,2.82597642741635
"yqhC",353.841499987408,-2.15524494079179,0.626647281499811,-3.43932704157505,0.000583162282937049,0.00874743424405573,2.15524494079179
"yqhD",3210.23445421044,-2.10490320645182,0.457285560923606,-4.6030388586957,4.16370504344281e-06,0.000116880678123615,2.10490320645182
"ytfJ",336.478228785224,-2.26044744678198,0.551732402753279,-4.09699962427763,4.18539581635988e-05,0.000908252137814137,2.26044744678198
"ytfQ",496.446732949557,-2.16288420967754,0.480354392813357,-4.50268435562727,6.71005046808075e-06,0.000179284160944032,2.16288420967754
"ytfR",198.389788786122,-1.76599063954892,0.533837961328583,-3.30810239712784,0.000939304584326885,0.0132964473443624,1.76599063954892
"ytfT",81.8665252791043,-1.6837966875469,0.542597308037439,-3.10321607314484,0.00191429820336364,0.02414048619286,1.6837966875469
"zinT",118812.667322557,11.2400873927626,1.66540521566833,6.74916067694184,1.48702842530466e-11,1.05950775302957e-09,11.2400873927626
"znuA",49273.9924655572,6.30915075223125,0.933477551948904,6.75876001416325,1.39177701241933e-11,1.0084485979818e-09,6.30915075223125
"znuB",1563.54020290278,2.3502971191512,0.620186088616864,3.789664364115,0.000150850970209331,0.00289187398047036,2.3502971191512
"znuC",3910.41039371243,2.19785050401267,0.613970628901007,3.5797323203339,0.00034394634934599,0.00554856846586456,2.19785050401267
